,date,district,growth,g_ave,g_rate
0,100,板橋,949,554860.5,0.001710339806131451
1,100,三重,590,390126.0,0.0015123319132792994
2,100,中和,720,414579.0,0.0017367015695440434
3,100,永和,-1910,233341.0,-0.008185445335367553
4,100,新莊,1965,403106.5,0.004874642309166437
5,100,新店,327,296417.5,0.0011031737329948467
6,100,土城,724,238794.0,0.0030319019740864513
7,100,蘆洲,591,198077.5,0.0029836806300564175
8,100,樹林,3297,178139.5,0.018507967070750732
9,100,鶯歌,823,87271.5,0.009430340947502908
10,100,三峽,2030,104614.0,0.01940466859120194
11,100,淡水,3069,145221.5,0.021133234403996653
12,100,汐止,1112,190123.0,0.005848845221251506
13,100,瑞芳,-362,42212.0,-0.00857576044726618
14,100,五股,526,80255.0,0.006554108778269267
15,100,泰山,545,76784.5,0.007097786662672805
16,100,林口,3099,85078.5,0.03642518380084275
17,100,八里,620,35113.0,0.017657277931250534
18,100,深坑,281,23390.5,0.012013424253436223
19,100,石碇,-63,7918.5,-0.007956052282629286
20,100,坪林,3,6531.5,0.00045931256219857613
21,100,三芝,33,23302.5,0.0014161570646926296
22,100,石門,122,12780.0,0.009546165884194054
23,100,金山,75,22409.5,0.003346794886097414
24,100,萬里,216,22096.0,0.009775524981897175
25,100,平溪,-122,5258.0,-0.02320273868391023
26,100,雙溪,-152,9631.0,-0.015782369432042365
27,100,貢寮,-182,13629.0,-0.01335387776065742
28,100,烏來,104,5875.0,0.01770212765957447
30,101,板橋,1956,556462.0,0.0035150648202392975
31,101,三重,-438,390309.0,-0.0011221878050467705
32,101,中和,1552,415723.0,0.003733255076096343
33,101,永和,-1518,231527.0,-0.006556470735594552
34,101,新莊,2733,405645.5,0.006737409881287972
35,101,新店,988,297143.0,0.0033249984014430763
36,101,土城,482,239476.0,0.0020127277890059966
37,101,蘆洲,1054,198963.0,0.0052974673683046595
38,101,樹林,2040,180992.0,0.011271216407355022
39,101,鶯歌,621,88025.5,0.007054773900744671
40,101,三峽,2038,106775.0,0.01908686490283306
41,101,淡水,3639,148867.5,0.02444455640082624
42,101,汐止,1972,191690.0,0.010287443267776097
43,101,瑞芳,-379,41806.5,-0.009065575927188357
44,101,五股,663,80893.5,0.00819596135659849
45,101,泰山,516,77359.0,0.00667019997673186
46,101,林口,3023,88374.5,0.03420669989646335
47,101,八里,310,35566.0,0.008716189619299331
48,101,深坑,16,23561.0,0.0006790883239251305
49,101,石碇,23,7883.5,0.0029174858882476057
50,101,坪林,-38,6502.0,-0.00584435558289757
51,101,三芝,144,23388.0,0.0061570035915854285
52,101,石門,-32,12814.0,-0.0024972686124551274
53,101,金山,46,22463.0,0.0020478119574411256
54,101,萬里,163,22347.5,0.007293880747287169
55,101,平溪,-79,5148.5,-0.01534427503156259
56,101,雙溪,-75,9502.5,-0.007892659826361484
57,101,貢寮,-113,13468.5,-0.008389946913167762
58,101,烏來,53,5948.5,0.008909809195595529
60,102,板橋,-497,557168.5,-0.0008920102267087963
61,102,三重,-394,390010.0,-0.0010102305069100792
62,102,中和,-761,416122.5,-0.0018287883976473274
63,102,永和,-1683,229903.5,-0.007320462715878618
64,102,新莊,2390,408565.0,0.0058497423910516076
65,102,新店,1364,298335.0,0.004572041496974877
66,102,土城,-436,239476.0,-0.001820641734453557
67,102,蘆洲,-189,199520.5,-0.0009472710824201022
68,102,樹林,1210,182802.0,0.0066191835975536375
69,102,鶯歌,210,88532.0,0.002372023675055347
70,102,三峽,2073,108973.5,0.01902297347520269
71,102,淡水,4145,153168.5,0.02706170002317709
72,102,汐止,1384,193508.0,0.007152159083862166
73,102,瑞芳,-137,41558.5,-0.0032965578642155033
74,102,五股,442,81523.0,0.005421782809759209
75,102,泰山,257,77810.5,0.0033028961386959346
76,102,林口,3937,92139.5,0.04272868856462212
77,102,八里,457,35972.5,0.012704149002710404
78,102,深坑,75,23584.5,0.0031800546969407875
79,102,石碇,-34,7865.0,-0.004322949777495232
80,102,坪林,-11,6465.5,-0.0017013378702343206
81,102,三芝,-13,23470.5,-0.0005538867940606293
82,102,石門,6,12791.0,0.00046907982174966773
83,102,金山,-77,22430.5,-0.0034328258398163215
84,102,萬里,163,22536.5,0.007232711379317996
85,102,平溪,-100,5052.0,-0.01979414093428345
86,102,雙溪,-62,9443.0,-0.006565710049772318
87,102,貢寮,-90,13351.0,-0.006741068084787656
88,102,烏來,61,6005.5,0.010157355757222547
90,103,板橋,-1019,556423.5,-0.0018313388992377208
91,103,三重,-437,389543.5,-0.0011218259321487845
92,103,中和,-516,415484.0,-0.0012419250801474907
93,103,永和,-1775,228154.5,-0.007779815870386076
94,103,新莊,1847,410787.5,0.004496241974256763
95,103,新店,688,299386.0,0.0022980366483402698
96,103,土城,98,239221.0,0.0004096630312556172
97,103,蘆洲,303,199598.5,0.0015180474803167358
98,103,樹林,614,183860.0,0.0033394974437071685
99,103,鶯歌,391,88879.5,0.004399214667049207
100,103,三峽,1516,110830.0,0.01367860687539475
101,103,淡水,3406,157250.0,0.021659777424483308
102,103,汐止,1025,194627.5,0.005266470565567559
103,103,瑞芳,-135,41382.5,-0.0032622485350087597
104,103,五股,492,82009.0,0.005999341535685107
105,103,泰山,356,78192.0,0.004552895436873337
106,103,林口,3205,96042.5,0.03337064320483119
107,103,八里,888,36743.0,0.024167868709686197
108,103,深坑,53,23609.5,0.002244859060971219
109,103,石碇,17,7855.5,0.002164088854942397
110,103,坪林,-8,6459.0,-0.0012385818238117355
111,103,三芝,21,23469.5,0.0008947783293210337
112,103,石門,-39,12752.5,-0.003058223877671045
113,103,金山,17,22391.5,0.0007592166670388317
114,103,萬里,79,22638.5,0.003489630496720189
115,103,平溪,-42,4975.0,-0.008442211055276382
116,103,雙溪,49,9425.5,0.0051986632008912
117,103,貢寮,-178,13204.0,-0.01348076340502878
118,103,烏來,125,6102.5,0.020483408439164276
120,104,板橋,-1688,555080.0,-0.0030410030986524465
121,104,三重,-752,388823.0,-0.001934041967681953
122,104,中和,-973,414790.5,-0.0023457624993822182
123,104,永和,-1812,226315.0,-0.008006539557696132
124,104,新莊,1330,412578.0,0.0032236328645734867
125,104,新店,576,299979.0,0.0019201344094086587
126,104,土城,-607,239006.5,-0.0025396798831830935
127,104,蘆洲,356,199917.0,0.0017807390066877755
128,104,樹林,96,184201.0,0.000521169809067269
129,104,鶯歌,-1171,88550.5,-0.01322409246701035
130,104,三峽,1067,112174.5,0.009511965731962255
131,104,淡水,3034,160704.0,0.01887943050577459
132,104,汐止,861,195597.5,0.004401896752259104
133,104,瑞芳,-304,41128.0,-0.007391558062633729
134,104,五股,668,82589.0,0.008088244197169114
135,104,泰山,216,78599.0,0.002748126566495757
136,104,林口,2463,99118.5,0.02484904432573132
137,104,八里,452,37452.0,0.012068781373491402
138,104,深坑,-28,23608.0,-0.0011860386309725517
139,104,石碇,-10,7860.0,-0.001272264631043257
140,104,坪林,22,6479.0,0.003395585738539898
141,104,三芝,-3,23488.5,-0.00012772207676096814
142,104,石門,-89,12685.5,-0.0070158842773245045
143,104,金山,-136,22328.0,-0.006091006807595844
144,104,萬里,-45,22664.5,-0.001985483906549891
145,104,平溪,-68,4908.0,-0.013854930725346373
146,104,雙溪,-168,9329.0,-0.018008361024761495
147,104,貢寮,-237,12978.5,-0.018260970065878183
148,104,烏來,23,6175.5,0.0037243947858473
150,105,板橋,-1723,553146.5,-0.0031149071719698126
151,105,三重,195,388483.5,0.0005019518203475823
152,105,中和,-90,414311.0,-0.0002172281209043448
153,105,永和,-1354,224676.0,-0.006026455874236679
154,105,新莊,713,413799.5,0.0017230566977485472
155,105,新店,885,300725.5,0.002942883127636333
156,105,土城,-146,238573.0,-0.0006119720169507866
157,105,蘆洲,647,200378.5,0.0032288893269487493
158,105,樹林,71,184364.5,0.00038510667726162034
159,105,鶯歌,-700,87581.0,-0.007992601134949361
160,105,三峽,1405,113477.5,0.012381309070079971
161,105,淡水,3324,164103.0,0.02025557119613901
162,105,汐止,1599,196949.5,0.00811883249259328
163,105,瑞芳,-322,40761.0,-0.00789970805426756
164,105,五股,1151,83558.5,0.013774780542972887
165,105,泰山,16,78809.0,0.00020302249743049653
166,105,林口,2665,101886.5,0.026156556560486422
167,105,八里,456,37939.0,0.012019294130050871
168,105,深坑,69,23648.5,0.002917732625747933
169,105,石碇,-121,7796.5,-0.015519784518694285
170,105,坪林,35,6520.5,0.005367686527106817
171,105,三芝,-83,23410.5,-0.0035454176544712844
172,105,石門,-149,12570.5,-0.011853148243904378
173,105,金山,-66,22240.0,-0.0029676258992805756
174,105,萬里,-144,22562.0,-0.006382412906657212
175,105,平溪,-94,4825.0,-0.019481865284974094
176,105,雙溪,-159,9153.5,-0.01737040476320533
177,105,貢寮,-152,12782.0,-0.011891722735096229
178,105,烏來,30,6197.0,0.004841052121994514
180,106,板橋,-740,551850.0,-0.0013409440971278426
181,106,三重,-1060,388014.0,-0.002731860190611679
182,106,中和,-600,413890.0,-0.0014496605378240596
183,106,永和,-1501,223335.5,-0.006720830320302863
184,106,新莊,2297,415375.5,0.005529936166191795
185,106,新店,784,301697.0,0.002598633728542213
186,106,土城,-424,238279.0,-0.00177942663852039
187,106,蘆洲,549,201034.5,0.0027308745513829717
188,106,樹林,-260,184279.0,-0.0014109041182120588
189,106,鶯歌,-570,86878.0,-0.006560924514836898
190,106,三峽,711,114570.5,0.006205785957118106
191,106,淡水,3534,167830.0,0.021057021986533992
192,106,汐止,1444,198599.0,0.007270932884858433
193,106,瑞芳,-228,40467.0,-0.005634220475943362
194,106,五股,748,84545.0,0.008847359394405346
195,106,泰山,72,78875.0,0.0009128367670364501
196,106,林口,2643,104779.5,0.02522439981103174
197,106,八里,316,38335.0,0.008243119864353724
198,106,深坑,-7,23663.5,-0.00029581422866439876
199,106,石碇,-52,7709.0,-0.006745362563237774
200,106,坪林,-2,6529.0,-0.00030632562413845916
201,106,三芝,-149,23274.5,-0.006401856108616727
202,106,石門,-195,12383.5,-0.01574675980134857
203,106,金山,-173,22101.5,-0.00782752301879963
204,106,萬里,-175,22383.5,-0.007818258985413362
205,106,平溪,-57,4747.5,-0.012006319115323854
206,106,雙溪,-137,9007.5,-0.01520954759922287
207,106,貢寮,-137,12620.5,-0.01085535438374074
208,106,烏來,95,6272.5,0.01514547628537266
210,107,板橋,3290,553097.0,0.005948323711753996
211,107,三重,-1299,386475.5,-0.0033611444968697887
212,107,中和,-805,412888.5,-0.0019496789084704467
213,107,永和,-1433,221814.5,-0.006460353132910608
214,107,新莊,1114,417197.0,0.0026702013676991924
215,107,新店,161,302150.5,0.0005328470414578166
216,107,土城,-984,237393.0,-0.0041450253377311045
217,107,蘆洲,19,201322.5,9.43759391026835e-05
218,107,樹林,-159,184025.5,-0.0008640106941701014
219,107,鶯歌,-216,86469.0,-0.0024980050653991602
220,107,三峽,819,115410.5,0.007096408039129889
221,107,淡水,3761,171621.5,0.021914503718939642
222,107,汐止,1078,199996.0,0.005390107802156043
223,107,瑞芳,-328,40146.0,-0.008170178847207691
224,107,五股,1287,85685.5,0.015020044231521085
225,107,泰山,-175,78795.5,-0.0022209390130147025
226,107,林口,3765,108198.5,0.0347971552285845
227,107,八里,435,38688.5,0.011243651214185094
228,107,深坑,-28,23648.0,-0.0011840324763193505
229,107,石碇,55,7703.5,0.007139611864736808
230,107,坪林,91,6566.5,0.013858219751770349
231,107,三芝,-208,23082.0,-0.00901135083614938
232,107,石門,-169,12199.5,-0.013853026763391943
233,107,金山,-254,21901.0,-0.01159764394319894
234,107,萬里,-207,22171.5,-0.009336310127866856
235,107,平溪,-46,4689.0,-0.00981019407123054
236,107,雙溪,-72,8896.0,-0.008093525179856115
237,107,貢寮,-236,12419.0,-0.01900314034946453
238,107,烏來,113,6381.5,0.017707435555903785
240,108,板橋,2043,555875.5,0.003675283404287471
241,108,三重,611,386030.5,0.0015827764904586554
242,108,中和,743,412697.5,0.0018003501353897225
243,108,永和,-506,220848.0,-0.002291168586539158
244,108,新莊,2505,419220.5,0.005975375727093499
245,108,新店,1214,302838.0,0.004008743948909978
246,108,土城,824,237284.0,0.003472631951585442
247,108,蘆洲,520,201623.0,0.0025790708401323263
248,108,樹林,46,183903.0,0.0002501318629929909
249,108,鶯歌,431,86653.5,0.004973832563023998
250,108,三峽,582,116187.0,0.00500916625784296
251,108,淡水,4631,176294.5,0.026268544963115696
252,108,汐止,2654,202102.0,0.01313198286013993
253,108,瑞芳,-416,39744.0,-0.010466988727858293
254,108,五股,1548,87226.0,0.017747002040675947
255,108,泰山,35,78733.5,0.00044453758565286697
256,108,林口,4894,113135.0,0.04325805453661555
257,108,八里,634,39214.0,0.01616769521089407
258,108,深坑,69,23690.5,0.0029125598868744856
259,108,石碇,-105,7681.5,-0.013669205233352862
260,108,坪林,58,6660.0,0.008708708708708709
261,108,三芝,-173,22854.5,-0.007569625237918134
262,108,石門,-258,11963.0,-0.021566496698152637
263,108,金山,-350,21571.0,-0.01622548792360113
264,108,萬里,-170,21957.0,-0.00774240561096689
265,108,平溪,-119,4605.5,-0.025838671154054936
266,108,雙溪,-178,8754.0,-0.020333561800319852
267,108,貢寮,-235,12150.5,-0.019340767869634994
268,108,烏來,-25,6445.5,-0.003878675044604763
270,109,板橋,-6,557117.0,-1.076973059518916e-05
271,109,三重,-908,385782.0,-0.0023536608758314283
272,109,中和,-1853,412140.5,-0.004496039578735892
273,109,永和,-1255,219991.5,-0.0057047658659539115
274,109,新莊,1969,421668.5,0.004669544915022109
275,109,新店,-92,303578.0,-0.00030305226333924066
276,109,土城,515,238019.5,0.002163688269238445
277,109,蘆洲,430,202241.0,0.0021261761957268805
278,109,樹林,-436,183688.0,-0.002373590000435521
279,109,鶯歌,729,87309.5,0.008349606858360201
280,109,三峽,330,116752.0,0.0028265040427572974
281,109,淡水,4242,181157.0,0.02341615283980194
282,109,汐止,2226,204734.0,0.01087264450457667
283,109,瑞芳,-418,39286.0,-0.010639922618744592
284,109,五股,1305,88817.5,0.014693050356067217
285,109,泰山,-319,78571.5,-0.004059996309094265
286,109,林口,5192,118596.0,0.04377887955748929
287,109,八里,186,39648.0,0.004691283292978209
288,109,深坑,9,23718.5,0.0003794506397959399
289,109,石碇,-57,7593.5,-0.007506419964443274
290,109,坪林,5,6700.5,0.0007462129691814044
291,109,三芝,-181,22630.5,-0.00799805572126113
292,109,石門,-336,11648.0,-0.028846153846153848
293,109,金山,-250,21252.0,-0.01176359872012046
294,109,萬里,-130,21775.0,-0.005970149253731343
295,109,平溪,-109,4478.5,-0.02433850619627107
296,109,雙溪,-164,8550.0,-0.0191812865497076
297,109,貢寮,-224,11894.0,-0.018833025054649403
298,109,烏來,-18,6425.0,-0.0028015564202334632
300,110,板橋,-4188,554807.0,-0.0075485709444906065
301,110,三重,-3244,383353.0,-0.00846217454930573
302,110,中和,-4694,408487.0,-0.011491185766009689
303,110,永和,-4204,217069.0,-0.01936711368274604
304,110,新莊,-1470,422116.0,-0.0034824550597466098
305,110,新店,-3597,301494.5,-0.011930565897553687
306,110,土城,-708,237838.0,-0.0029768161521708052
307,110,蘆洲,-1047,202012.5,-0.0051828475960645996
308,110,樹林,-1399,182602.5,-0.007661450418258238
309,110,鶯歌,458,87902.0,0.005210347887420082
310,110,三峽,-847,116442.5,-0.00727397642613307
311,110,淡水,1709,184342.5,0.009270786714946364
312,110,汐止,202,205889.0,0.0009811111812675763
313,110,瑞芳,-544,38721.0,-0.014049223935332249
314,110,五股,936,89997.0,0.010400346678222608
315,110,泰山,-948,77925.0,-0.012165543792107795
316,110,林口,3191,123032.5,0.0259362363603113
317,110,八里,427,39964.5,0.010684482478199402
318,110,深坑,-96,23694.0,-0.004051658647758926
319,110,石碇,-75,7524.5,-0.009967439696989834
320,110,坪林,-81,6659.5,-0.0121630753059539
321,110,三芝,-172,22443.0,-0.007663859555317916
322,110,石門,-282,11334.0,-0.024880889359449446
323,110,金山,-252,20970.0,-0.01201716738197425
324,110,萬里,-210,21567.0,-0.009737098344693282
325,110,平溪,-79,4372.5,-0.018067467124070896
326,110,雙溪,-201,8335.5,-0.024113730430088177
327,110,貢寮,-217,11642.5,-0.018638608546274426
328,110,烏來,-29,6405.5,-0.004527359300601046
